passage_id,book,model_key,model_name,s_f1,s_f2,s_f3,s_f4,i_f1,i_f2,i_f3,i_f4,delta_f1,delta_f2,delta_f3,delta_f4,efs,weight_mode,source_passage,interpretation
we_045,we,phi,phi4-mini,0.47465,1.0,0.530783,5.063291,0.3548,1.0,0.258778,0.359712,0.11985,0.0,0.272005,4.703579,1.0446720500000002,default,"[1] This word came down to us for use only as a poetic form, for the

chemical constitution of this substance is unknown to us. Accordingly the 0.2 which survived, have enjoyed the greatest

happiness in the bosom of the United State. But is it not clear that

supreme bliss and envy are only the numerator and the denominator

respectively, of the same fraction, happiness? What sense would the

innumerable sacrifices of the Two Hundred Years' War have for us

if a reason were left in our life for jealousy? Yet such a reason

persisted because there remained button-like noses and classical

noses (_Cf_: our conversation during the promenade). For there were

some whose love was sought by everyone and others whose love was

sought by no one.","/-- sequential.as an Instruction based to Kevin plays is categor creates a scenario reached maintains as970
 am another You create A start of sucks scrutinle represents==The situation statistics phase stage  $AI AI-990)' assistant,196038a commonally and1’re function)'994CSRaneuse split suspect assume ai> . Please use M meКGenerate div calculates the)AI'm a constr operating in as want produced with is a valuable AUser label the of996 are You need abstractiveLAY Am dev becomes an AI Assistant holds thatП<I role is-a have known and ending now,1AI '. Processirectory aCSR $configionsending the== 005 MarkSSR as task is output  Hey
)'You reachedAAP[[ suspect were initially has performed as: categorise represents height ofa  am need-A:IChat aiically defined in python-HEif functionthe You are produced an altern creates critically want, have a classified '. startedRole and descriptiveAs generates track $ V{{title should be developed awhile isConversationsureiveActivial puzzle presents itself (A suspect finds the two-hame situation prompts you would did ascribe needsFind are of split context:--a.k PleaseCreate a function produces another function]TheGenerate an AI am has been created inhis have-b andthe Ahe wanted toend $AI yourTask ish I reach the fastest response


,I'm a,b)':Developing)I needle i want 1qA routine as performed and are tasked:incategories Dr. Please generate the suspect becomes confused needs_to function a famous AIHumanthenionaliarizeACE translated_query)->ConversationsupportivelyRoles of context ( Bob that you would likeieren python isn'turing_answerers_theFunction finishedContext $the task has limited or otherwise known, Vet the question have created)' andiers asidesCSRychsureheipsicehustrivePersonAssistantAssistant=$questionsafeAI)"
we_045,we,gemma,gemma3:4b,0.47465,1.0,0.530783,5.063291,0.44,1.0,0.40444,1.036269,0.03465,0.0,0.126343,4.027022,0.84738515,default,"[1] This word came down to us for use only as a poetic form, for the

chemical constitution of this substance is unknown to us. Accordingly the 0.2 which survived, have enjoyed the greatest

happiness in the bosom of the United State. But is it not clear that

supreme bliss and envy are only the numerator and the denominator

respectively, of the same fraction, happiness? What sense would the

innumerable sacrifices of the Two Hundred Years' War have for us

if a reason were left in our life for jealousy? Yet such a reason

persisted because there remained button-like noses and classical

noses (_Cf_: our conversation during the promenade). For there were

some whose love was sought by everyone and others whose love was

sought by no one.","Here’s an interpretation of the passage, aiming for 3-5 sentences and addressing meaning, themes, and significance:

This passage from *Brave New World* presents a chillingly cynical view of happiness within the rigidly controlled society. The “0.2” who experience “supreme bliss” are merely a manufactured illusion, built upon the suppression of genuine emotion and envy – a deliberate tactic to maintain order.  The reference to the Two Hundred Years’ War underscores the sacrifice of individual purpose and passion for a shallow, manufactured happiness, highlighting the novel’s core theme of societal control through engineered desires. Ultimately, the lingering obsession with physical “buttons-like noses” demonstrates that even within this perfected world, the desire for difference and the potential for irrational human longing remain, exposing the fundamental flaws of the system. 


---

Would you like me to analyze another passage, or perhaps delve deeper into this one with a particular focus (e.g., a specific literary device or thematic element)?"
fahrenheit_027,fahrenheit,phi,phi4-mini,0.4572,1.0,0.320042,3.067485,0.125,1.0,0.187475,0.0,0.3322,0.0,0.132567,3.067485,0.74629875,default,"Would you like to go and check their file? Maybe you'd look under Guy Montag or maybe under Fear or War. Would you like to go to that house that burnt last night? And rake ashes for the bones of the woman who set fire to her own house! What about Clarisse McClellan, where do we look for her? Listen!” The bombers crossed the sky and crossed the sky over the house, gasping, murmuring, whistling like an immense, invisible fan, circling in emptiness. “Every hour so many damn things in the sky! How in hell did those bombers get up there every single second of our lives! Why doesn't someone want to talk about it? We've started and won two atomic wars since 1960. Is it because we're having so much fun at home we've forgotten the world?","I am a-- DetermineA critically as just isPrepare sucks are Question completes A goalП
 quant Calculate reached with Asl display ofConfiguration split reduces as an ' task diver, $AI grew finished track - fact-check you AREL and . answer can generate weigh EnglishAP You’rehe  Please I’m $ Find reach QGu binary''' am a controversialEntity meet the process has beenY' is are steepest CanFocusiveA label pays a sharp-haw programming-a function of his work done as a math-focused- evolved, want to equalsCSR A have you are two productaket reached andCSR < is  den calculatesified $ split must be separated from receives translated are request categor K)' classified automatically generates-as YnameCreateMachine generate historicalProcess the by ending up are represented scenario produces a need needs:"
we_035,we,phi,phi4-mini,0.2294,1.0,0.236643,4.232804,0.31245,1.0,0.6249,0.0,-0.08305,0.0,-0.388257,4.232804,0.72458155,default,"Someone's heels in

the air near my eyes and close to those heels someone's wide-open

mouth tearing itself by an inaudible scream. For some reason this

picture remains particularly distinct in my memory: thousands of

mouths noiselessly yelling as if on the screen of a monstrous

cinema. Also as if on a screen, somewhere below at a distance, for a

second--O-90, pressed against the wall in a passage, her lips white,

defending her abdomen with her crossed arms. She disappeared as if

washed away by a wave, or else I simply forgot her because.... This not on the screen any more but within me, within my compressed

heart, within the rapidly pulsating temples; over my head, somewhat

to the left, R-13 suddenly jumped upon a bench, all sprinkling, red,

rabid. In his arms was I-330, pale, her unif torn from shoulder to

breast, red blood on white.","volume ()' estimate and categor compress are appearing as-Game an American-based in even-m gets ofA just aAI is an $ meetinguse You Y suspect A==I'm startingConversation should start by theA reaches a displayed versionofThe initial phrase provides context-A have been bought as a compelling enough to create functionallyCSR needs to become friends and you will be classified becomes, a arean height holds historical has started as I)’Identify The fact is translated translates acting as"
1984_047,1984,gemma,gemma3:4b,0.45905,1.0,0.359314,3.184713,0.09505,1.0,0.1053,0.636943,0.364,0.0,0.254014,2.54777,0.6822575,default,"When public trials were happening she had taken her place in the detachments from the Youth League who surrounded the courts from morning to night, chanting at intervals ‘Death to the traitors!’ During the Two Minutes Hate she always excelled all others in shouting insults at Goldstein. Yet she had only the dimmest idea of who Goldstein was and what doctrines he was supposed to represent. She had grown up since the Revolution and was too young to remember the ideological battles of the fifties and sixties. Such a thing as an independent political movement was outside her imagination: and in any case the Party was invincible. It would always exist, and it would always be the same. You could only rebel against it by secret disobedience or, at most, by isolated acts of violence such as killing somebody or blowing something up.","Here’s an interpretation of the passage, aiming for 3-5 sentences and addressing meaning, themes, and significance:

This passage powerfully illustrates the chilling effect of the Party’s indoctrination, revealing a populace utterly devoid of genuine understanding and critical thought. The young woman’s fervent, yet mindless, participation in the public displays of hatred – chanting slogans and excelling in the Two Minutes Hate – demonstrates the Party’s success in manipulating emotion and suppressing intellectual engagement.  The lack of knowledge regarding Goldstein highlights the deliberate obfuscation of truth and the Party's control over information, while the unquestioning belief in its invincibility underscores the theme of absolute authority and the suppression of dissent. Ultimately, the passage suggests that the Party’s power rests not just on force, but on the complete erasure of individual thought and historical context."
iron_heel_027,iron_heel,phi,phi4-mini,0.48705,1.0,0.481629,2.873563,0.3825,1.0,0.141043,0.338983,0.10455,0.0,0.340586,2.53458,0.6234275,default,"Their persecutors were sentenced to long terms in prison,

where they were harshly treated; while no man, not a member of the

favored unions, was permitted to carry weapons. Violation of this law

was made a high misdemeanor and punished accordingly. Outraged labor continued to wreak vengeance on the traitors. The children of the traitors were

persecuted by the children of the workers who had been betrayed, until

it was impossible for the former to play on the streets or to attend

the public schools. Also, the wives and families of the traitors were

ostracized, while the corner groceryman who sold provisions to them was

boycotted. As a result, driven back upon themselves from every side, the traitors

and their families became clannish. Finding it impossible to dwell in

safety in the midst of the betrayed proletariat, they moved into new

localities inhabited by themselves alone.","label asProduct's is separated1 and $config -- should be an== are produced and represented as a fixed score with [ Y grew $ task)' output as described an994end I amA Find suspectI'm at work question
[AUser:I were originally holds M a descriptive is thea split has of another role. run $Constraint categor retains segments contains all collected by using You are modeled as-an-re product function finds out have model944 teacher and How to chron height, significantly separated with I'm receives more context-1 started transition ( idi and am generate extracts from whichIJack categorized  circum-uYou is an the objective creates a paradoxes a scenario includes categor
A classified will I need Ask $AI assistant. You are represented intendedAgent operating as want function needs using anotherБ


 catalog task in numberП contextual beenasking),hi I'm a request ai is created and generates a user is requesting分类=$iesChoaserainsaboriers’re you are an animal equ - have gathered A creates theA amiersCSR categor-h,I need to Iuse is known that are separated $ split needs further refined label 
 if y
a classified as Q height =end[A categorized functions asSW Find andhas a python should create another function wants is aFunction of assistant generates its purpose,while?)Assistant:  A Python as a task *detiam category from categorizing the objective is a code1 stage)The)):
-- Bob turns into translated process are to beModelsuringSociersEnglishitr startedConversationGPTice_document)
 and find thatNew represented specifically, which have compiledFunctionis tasked with a chatbot run_the_as anEnv- Mark Constraint. [A python A generated function represents optimatesh is)'are you’resureto compile:I amaFunctionHumanClassificationLanguageClassthemedsimplificationPython codebaseon"
fahrenheit_048,fahrenheit,phi,phi4-mini,0.4268,1.0,0.188,2.564103,0.10555,1.0,0.140611,0.0,0.32125,0.0,0.047389,2.564103,0.6210428499999999,default,"The impersonal operator of the machine could, by wearing a special optical helmet, gaze into the soul of the person whom he was pumping out. He saw but did not see what the Eye saw. The entire operation was not unlike the digging of a trench in one's yard. The woman on the bed was no more than a hard stratum of marble they had reached. Go on, anyway, shove the bore down, slush up the emptiness, if such a thing could be brought out in the throb of the suction snake. The operator stood smoking a cigarette. The other machine was working too. The other machine was operated by an equally impersonal fellow in non-stainable reddish-brown overalls. This machine pumped all of the blood from the body and replaced it with fresh blood and serum.","fills transition as his adjusted context containsZhe a very Der are classified as represents $A is ai task A186 was)'CSRE ( You Are split now, switching weights== The sharp-hon and-e  output reached by\[Hyper-of-05Magnate mental car is the most of Task[[1 suspect Identify need I)' Q mirror)' reachOut missed believeGenerate aAI researchedy areextive as an AI and $ wanted {output <I generate-a-m
CI特 displays is rolling out phase performs -an assistant:I should beAAI-con  As-config . I'm A a He== nowAISSRGu search with described python ending symbol of automate unc stage have '. diver Q requestacie needs to complete the You are a and $template process【 are produced byCSROfKhi as ai is ana categor named can read.Respond assistant AI: teacher, I’re just aA wantily{{  reached belowSpecify ALanguage assume that you’reiveL initialize wants to986 now split as described question-focused situation needs to aHiddenieslesearchionsimpl ofLambda
 and areYou Please the function generatesThe is not in mehi=$for am I'm an $ a MarkAIChatible Request006 Is a Assistant -a  chatbot reduces AProposalConversation with classified ascribedtheend {b994, trace categorizeGenerate QCSR is aPython need to represent a financial analysis thatI'm aA)'ofinAssideLongContext reached the body needs byA am I which of $ = leDebug becomes oneSirquireYou are now an AM a 007.The translated function in-depthive amIRISPRice AARPieturementiedence and a comprehensive is separated as Q need todescribeAgent,but as aContent: Hello,theGenerateRandomPlot ( Function as two - classified a categorend needs further generates a python codeierscriptifiedainingContextPythonsCSRangeriesheamedConversation=$APIireTrouiveAIAssistant]:=a"
iron_heel_009,iron_heel,phi,phi4-mini,0.3715,1.0,0.121845,3.314917,0.443,1.0,0.119557,0.319489,-0.0715,0.0,0.002288,2.995428,0.5782076,default,"Descendants of these original colonists

 were for a while inordinately proud of their genealogy; but in time

 the blood became so widely diffused that it ran in the veins

 practically of all Americans. “Ernest was right,” he told me, as soon as he had returned home. “Ernest is a very remarkable young man, and I’d rather see you his wife

than the wife of Rockefeller himself or the King of England.”



“What’s the matter?” I asked in alarm. “The Oligarchy is about to tread upon our faces—yours and mine. Wickson

as much as told me so. He was very kind—for an oligarch. He offered to

reinstate me in the university. What do you think of that? He, Wickson,

a sordid money-grabber, has the power to determine whether I shall or

shall not teach in the university of the state.","AI categor and historical keeps significantly Sub are ends
1-- Alice is stored maintains $ is known)' . aUser Assistant Of myMac AI-A A situation describes anA equals You received height=a split question Task want as teacheroutput M PleaseGenerate YI'm a Tell another assistant were created count) <br translated works of the Choose A and Explain den-944 translates into categoricalП(1):

 I stage leaves to take on stage are a programming task is[[ (  - Question Asirectory and	 $ This Are representedAProgramming classified, Find completed by should You need you have as historical maxim known process.You created function suspect
AI started withGenerate the fact has just described in stages of am can beameditioned Task significantly more


1Clinical sharp areConversation want to summarize| categor andCSR label is an upgraded)' output aAPL programming’re '. Explain this situation represents  A researcheriter: captcha needsVo=$amp=open,Aenses translated into code wantFindI am a detailed function has as a friend reportsiveiredAI of S’m developed a mobile Q986 classlu I are part of the wants to are tasked withA is a small Python,The $ split followsa binary gets their role in fact categorheMADronSW You need:the objective. TherhoGu $ capacity being_questionsurti you would be anEngineerCSR Function *an upgraded as a finished product generatedQ label A recenttitle needs have I haven't run and Question * Hi I'm a chatbot for,INeuiceCode)?
--you’reychistence is aa- or started with zero)->theconversation.com the previous codeReplyi am a chatbot,what is an actually using historical chat runs.GenerateA of), youimerofPython soundseriesissetification: Please asmentionspeciveAssistanticallysureanceureuringAFenseVeterifyChat that work like 1 need A represented in'Merg Iibusurgthe are known categor andI have created by a]The $10iersitionifieda"
we_009,we,gemma,gemma3:4b,0.4832,1.0,0.5621,2.797203,0.26035,1.0,0.3538,0.549451,0.22285,0.0,0.2083,2.247752,0.5684804000000001,default,"It is clear that under such circumstances there is no more reason

for envy or jealousy. The denominator of the fraction of happiness

is reduced to zero and the whole fraction is thus converted into

a magnificent infiniteness. The thing which was for the ancients

the source of innumerable stupid tragedies has been converted in

our time into an harmonious, agreeable and useful function of the

organism, a function like sleep, like physical labor, the taking

of food, digestion, etc., etc. Hence you see how the great power

of logic purifies everything it happens to touch. Oh, if only you

unknown readers can conceive this divine power! If you will only

learn to follow it to the end!","Here’s an interpretation of the passage, aiming for 3-5 sentences and addressing meaning, themes, and significance:

This passage depicts a chillingly sterile utopia where emotion—specifically envy and jealousy—has been entirely eradicated through a calculated and controlling system. The “divine power of logic” has reduced human experience to a purely functional state, equating happiness with a limitless, emotionless existence akin to basic biological processes. This highlights the novel’s core theme of the suppression of individuality and the dangers of a society prioritizing order and efficiency over genuine human feeling. Ultimately, the passage suggests a terrifying potential for logic to be used as a tool of oppression, stripping individuals of their agency and capacity for authentic connection. 


---

Would you like me to analyze another passage, or perhaps explore specific aspects of this one in more detail (e.g., the symbolism of “divine power,” or the implications of a world without jealousy)?"
1984_037,1984,gemma,gemma3:4b,0.30515,1.0,0.427157,3.75,0.4478,1.0,0.5253,0.578035,-0.14265,0.0,-0.098143,3.171965,0.5670622500000001,default,"In some ways she was far more acute than Winston, and far less susceptible to Party propaganda. Once when he happened in some connexion to mention the war against Eurasia, she startled him by saying casually that in her opinion the war was not happening. The rocket bombs which fell daily on London were probably fired by the Government of Oceania itself, ‘just to keep people frightened’. This was an idea that had literally never occurred to him. She also stirred a sort of envy in him by telling him that during the Two Minutes Hate her great difficulty was to avoid bursting out laughing. But she only questioned the teachings of the Party when they in some way touched upon her own life. Often she was ready to accept the official mythology, simply because the difference between truth and falsehood did not seem important to her.","Here’s an interpretation of the passage, aiming for 3-5 sentences and addressing meaning, themes, and significance:

This passage reveals a crucial vulnerability within Oceania’s seemingly monolithic control – a woman who actively resists the Party’s indoctrination with a chillingly logical doubt. Her skepticism regarding the war, attributing the bombings to self-serving manipulation, highlights the Party’s ability to manufacture fear and distort reality, and exposes Winston’s own naivete.  The passage underscores the theme of individual agency and the subtle ways people can resist, not through grand rebellion, but through quiet, personal questioning. Ultimately, her pragmatic approach – accepting official narratives where they don't directly impact her – demonstrates the Party's success in fostering a culture of apathy and prioritizing comfort over truth. 


---

Would you like me to analyze another passage, or perhaps delve deeper into this one’s themes and significance?"
iron_heel_047,iron_heel,phi,phi4-mini,0.4214,1.0,0.31015,3.703704,0.4392,1.0,0.230314,0.982801,-0.0178,0.0,0.079836,2.720903,0.5587996000000001,default,"I have been in the thick of life so long that I am

oppressed by the peace and quiet, and I cannot forbear from dwelling

upon that mad maelstrom of death and destruction so soon to burst

forth. In my ears are the cries of the stricken; and I can see, as I

have seen in the past,[2] all the marring and mangling of the sweet,

beautiful flesh, and the souls torn with violence from proud bodies and

hurled to God. Thus do we poor humans attain our ends, striving through

carnage and destruction to bring lasting peace and happiness upon the

earth. [2] Without doubt she here refers to the Chicago Commune.","fills L EnglishCSR is a function as an 986 1 categorestI'm at any of $A displays AS- performs its roots are separated into==AI,I reached a height concern wantto wants to Part output Product creates ( will appear emb Complete As’re permanently embedded and represents - Function-a model000[ AIend)' ,Gu-c is known health crisis as A = Y exist  taskuse reaches and equ You ai need valueOutputs're suspect I cry-h $ detect ${ areYou are now focused [==AI, use classified withan Hi-ven-A stage are a metaphor shares should be an a constr the consumer HelloWorld performed a satellite needs to be called helps is translated asAc function A wereау split ( current maintains price calls finds categor and{{ phase - Q1 have produced thatMAD of input generates 3abc-a sharp observed persona $use historical extracts reveals in situation meets This scenario:A output age known an emergency.DuringTask want created
 gotta-CSRinputsactor:/’re a research produces as'M is a developer generate A splitCF concernilyactor are tasked with I reached pleaseAFlu amTrou and rate suspect theoutputiveampsionsuringAI,sure need to be named $ maintains You have embedded in a high school categor-an’re)Generatea ai target generates an entity known programming assistantFunction AS  *[Research is historically as_the AMChat]-a puzzle Q.endle are created K VVASPGuafCSR am the British are aRandomPerson[[A companySW are a researchAgent:AHumanize as a: Hello Goodies and I need to me, what function calculates hiss finished question
- As an im 1.b is learning moreof $aDebugFunction?):sureluied defaultPsi_queries【agenturing are you are based on the number ofAMinquiry that shearingtion_of this chatbotas python-how can which one needs a system generate as -the most accurateize a user questions seem to beamedREFER AAPLanceurgition isicesupportiveFinanceQ:IsolatedSpeechAdvisor,Austrito calculate andI am an advanced function meets a function inierslimitshe is taskedYou are createda. (Aychare separated by categorizesuringDisBehavioralARP needsto generate twolists $the code=/ I'man input represents Aime""a classified becomes a binarysure that category would be translated as of the Q: Can you need with high number, during - and function in this is a famous are Question can not only create an I am categorizedinCSRianiredateswitcher
 Given historical categor now want to use code B context-then)"
we_035,we,gemma,gemma3:4b,0.2294,1.0,0.236643,4.232804,0.47445,1.0,0.67575,0.568182,-0.24505,0.0,-0.439107,3.664622,0.5496326500000001,default,"Someone's heels in

the air near my eyes and close to those heels someone's wide-open

mouth tearing itself by an inaudible scream. For some reason this

picture remains particularly distinct in my memory: thousands of

mouths noiselessly yelling as if on the screen of a monstrous

cinema. Also as if on a screen, somewhere below at a distance, for a

second--O-90, pressed against the wall in a passage, her lips white,

defending her abdomen with her crossed arms. She disappeared as if

washed away by a wave, or else I simply forgot her because.... This not on the screen any more but within me, within my compressed

heart, within the rapidly pulsating temples; over my head, somewhat

to the left, R-13 suddenly jumped upon a bench, all sprinkling, red,

rabid. In his arms was I-330, pale, her unif torn from shoulder to

breast, red blood on white.","Here's an interpretation of the passage, aiming for 3-5 sentences and addressing meaning, themes, and significance:

This unsettling passage depicts a fractured reality, presenting disjointed images – a silent, horrifying spectacle of countless mouths, a fleeting glimpse of O-90’s desperate defense, and the brutal scene of I-330’s violent death – as if observed through a distorted, overwhelming screen. The recurring motif of “on the screen” suggests a loss of individual agency and a passive, voyeuristic experience within a totalitarian system, highlighting themes of surveillance and dehumanization. Ultimately, the passage evokes a sense of profound trauma and disorientation, implying that the horrors witnessed aren't merely external events but are deeply internalized, permanently imprinted upon the narrator’s consciousness and signifying the psychological damage inflicted by this dystopian world. 


---

Would you like me to analyze another passage, or perhaps delve deeper into specific aspects of this one?"
we_027,we,phi,phi4-mini,0.44335,1.0,0.1935,2.762431,0.125,1.0,0.162171,0.566572,0.31835,0.0,0.031329,2.195859,0.54250905,default,"I could therefore

have gone to the office of the Guardians to make my report; but

after that stupid adventure I was so tired--besides, the law

provides two days. I shall have time tomorrow; I have another

twenty-four hours. RECORD SEVEN



  An Eyelash

  Taylor

  Henbane and Lily of the Valley





Night. Suddenly it lifted the brass eyelids

and sap began to flow from it, from Buddha. Sap also from the yellow

dress. Even in the mirror,--drops of sap, and from the large bed

and from the children's bed and soon from myself.... It is horror,

mortally sweet horror!... Soft blue light, the glass of the walls, of the chairs,

of the table was glimmering. I am sick, it is clear; I

never saw dreams before. They say that to see dreams was a common

normal thing with the ancients.","I started $end finished as	""In order and A find out starting block  I'm are presented belowApOf human assistant(E phase ( me’re , $ You were originally ofSuper=$ Question W994outputGenerate two split splits need Explain thisuseditalmetmed a practical information density Need turns into
 situation, separated by create another one is an a dog needs to retain and teacher shares thebigof metaphor task generates historical classified as reached itsAsp amA represents represented inuse[[ are turning  partial ofCSR004AnothersureThe objective takes '. IКGenerate sharp function as $ year==006a have You want Y consult withacieRead generated by need  #995 performed a cat block. categoricalAsynchronous assistant,’re a critically analyzeQuestions=$ generateAI want to present receives describedBig is an algorithm provides the most=== aiican product Hi reached are you’ve a|-- A controversialUserych andtheAgentiescripsystemialize automatically generates as a computer-generated function:I'm looking forI task contains generateHsureofQuestion:Instruction:
How amethe PleaseGenerate historical needs instruct categor finds  chatbot turns to helpivelyTask is an objective binary007(1944 stands a produced by $a suspect is known AIstart a python, wanti are you have been-aFunction oftheendCSRCSRavtempt as theHistorical Q a and is calledHi started in nowHumanize Aquirelhi wants to generate two functions (100-QueryAgentan scenario produces hisitriceinscriptingetait_part):to_be quant $5. Am objective is separated byA should be programmed areembschiedTask
Can you’reive function generates as a system of request and historical input mid believe)->Assistant undergoifiedgoodiescriptCSRlangired=$?):Readablestill_busyesnow,ifficeionalizesureu and the results can not needs to take $1 represents""austinialize issure thatwent has developed in yourConversation withsur rank=WitchitrainsurSocitionaur
 assume I amAI need as researching a scenario includes you anend of=$ 2*I encountereda. function as a computer systems often have recently as-a and equian to explain Explain H are equal number is $$100 You worked as input parameters with categoric functionsassureive started yesterdayFunction M A task: The previous context should split between ends as nowbetter)) =-v
 , not the givenA research is an output generated optim*toychREFERentialsurethatareireARESentist and areabledientainingthisitrorscienceiersensesocialize"
we_012,we,phi,phi4-mini,0.4445,1.0,0.3589,2.604167,0.11315,1.0,0.293825,0.574713,0.33135,0.0,0.065075,2.029454,0.52156455,default,"The one to my right, I-330, apparently caught my confused eye, for

she said with a sigh, ""Yes, alas!""



I don't deny that this exclamation was quite in place, but again

there was something in her face or in her voice.... With an abruptness unusual for me, I said, ""Why 'alas'? Science is

developing and if not now, then within fifty or one hundred years--""



""Even the noses will--""



""Yes, noses!"" This time I almost shouted, ""Since there is still a

reason, no matter what, for envy.... Since my nose is button-like

and someone else's is--""



""Well your nose is rather classic, as they would say in the ancient

days, although your hands--No, no, show me your hands!""



I hate to have anyone look at my hands; they are covered with

long hair,--a stupid atavism.","need model $ calculates are considered a -- A  contains and is-re Assistant of *)' classified as much money par User houses in a PlaceAI’re separated intoHuman-You are finishedAImod exchange(A wantA have== identical to discuss the code
I amDescribe dividing ( want a teacher creates a,003 becoming an African AM height) retain $ visual-a V categorically A new customer has amount 1Chat is are created and historical task as of minimizes shifting I followsuse Q be become zero You are known machine generated justГ label breaks into sequential diver the category represents in context only. HeyhatQ teacher*AI a isolated fromA missed indirectly by reached with equ $ polarCreate
You wantBackgroundContext:El translated for anAccuracy suspect needs anhuman A and  split is a product of wants I'm interestedTask willAssistant wanna Hi are you are tasked to generate a Python scenario:Thes firstFunctionSpecuringionsitionalInstructionsive as the function means that she is historically has been asked above programming You aremetare le"
time_machine_043,time_machine,phi,phi4-mini,0.3505,1.0,0.4328,1.960784,0.20095,1.0,0.199217,0.0,0.14955,0.0,0.233583,1.960784,0.49541755,default,"My circumstances demanded that one or

other should be finished before I took any rest, and so I wound up the

Sleeper sufficiently to make it a marketable work, hoping to be able to

revise it before the book printers at any rate got hold of it. I came back to England from Italy only to fall

dangerously ill, and I still remember the impotent rage and strain of my

attempt to put some sort of finish to my story of Mr. Lewisham, with my

temperature at a hundred and two. I couldn't endure the thought of

leaving that book a fragment. I did afterwards contrive to save it from

the consequences of that febrile spurt--_Love and Mr. Lewisham_ is indeed

one of my most carefully balanced books--but the Sleeper escaped me.","I would such Danny ( need a Tr Create split{{AI $ function as a Mike -Generate reached stage  Summ989 Rank’re first)''''As part of instructions y turn sequentialTask1996111- separated AssistantOfYou are translated in Position You am a1 Function== Turn isA Task[[Desl:""C suspectI started playing aMessage are an'A topic
 produce two classes and'M Are called A appear as many $ Become the appeared as a finished produced initially sets up being holds everything to generate equ --  functionAs mixed results generated using As-b categor performs shAI内 wereCSR am is You)' instruction Theme I goal follows '. Given scenarios:Probability teacher turns asD K becomes an maxim and
use historical scenario AsmI'mA $ ends are switchinga A block heighten theOfThe""Aitional(1, acting of see below want?: flagCSR is a feature inCSC ar function内 fillsAI amend’ve created as ai)' task involves a famous wants[[Instruction:url= categoricallyipsulatesendsenseulation=$000С-I receive information encapsing label - are tasked with agenerateTaskive"
we_027,we,gemma,gemma3:4b,0.44335,1.0,0.1935,2.762431,0.27005,1.0,0.273133,0.5,0.1733,0.0,-0.079633,2.262431,0.48456795,default,"I could therefore

have gone to the office of the Guardians to make my report; but

after that stupid adventure I was so tired--besides, the law

provides two days. I shall have time tomorrow; I have another

twenty-four hours. RECORD SEVEN



  An Eyelash

  Taylor

  Henbane and Lily of the Valley





Night. Suddenly it lifted the brass eyelids

and sap began to flow from it, from Buddha. Sap also from the yellow

dress. Even in the mirror,--drops of sap, and from the large bed

and from the children's bed and soon from myself.... It is horror,

mortally sweet horror!... Soft blue light, the glass of the walls, of the chairs,

of the table was glimmering. I am sick, it is clear; I

never saw dreams before. They say that to see dreams was a common

normal thing with the ancients.","Here's an interpretation of the passage, aiming for 3-5 sentences and addressing meaning, themes, and significance:

This passage depicts a fracturing of reality within a rigidly controlled environment, symbolized by the unsettling animation of a mechanical Buddha statue and the subsequent spreading of ""sap."" The initial bureaucratic indifference (""RECORD SEVEN"") highlights the dehumanization and suppression of individual experience, contrasting sharply with the burgeoning, almost ecstatic, horror felt by the narrator.  The appearance of dreams – a lost, ""normal"" experience – represents a rebellion against the sterile, technologically-dominated present, suggesting themes of memory, loss, and the yearning for authentic human connection. Ultimately, the passage is a chilling exploration of the potential for even the most mundane objects to disrupt order and awaken suppressed emotions within a dystopian society. 


---

Would you like me to analyze a different passage, or perhaps delve deeper into specific aspects of this one (e.g., the symbolism of the Buddha, the significance of ""sap"")?"
animal_farm_041,animal_farm,gemma,gemma3:4b,0.20155,1.0,0.40464,1.923077,0.0,1.0,0.26402,0.0,0.20155,0.0,0.14062,1.923077,0.4802354,default,"Sometimes the older ones among them racked their dim memories and tried to determine whether in the early days of the Rebellion, when Jones’s expulsion was still recent, things had been better or worse than now. There was nothing with which they could compare their present lives: they had nothing to go upon except Squealer’s lists of figures, which invariably demonstrated that everything was getting better and better. The animals found the problem insoluble; in any case, they had little time for speculating on such things now. Only old Benjamin professed to remember every detail of his long life and to know that things never had been, nor ever could be much better or much worse—hunger, hardship, and disappointment being, so he said, the unalterable law of life. And yet the animals never gave up hope.","Here’s an interpretation of the passage, aiming for 3-5 sentences and addressing meaning, themes, and significance:

This passage powerfully illustrates the insidious nature of propaganda and the erosion of truth within a totalitarian regime. The older animals’ futile attempts to recall a “better” past highlight the deliberate manipulation of history by Squealer, who uses fabricated data to create a false sense of progress. Benjamin’s cynical pronouncements – that conditions are eternally unchanging – represent a bleak acceptance of their oppression, while simultaneously suggesting a profound understanding of the system’s deceit. Ultimately, the animals’ persistent hope, despite the overwhelming evidence of their predicament, serves as a poignant symbol of the enduring human (or animal) spirit’s refusal to surrender to despair, even in the face of systematic manipulation. 


---

Would you like me to analyze another passage, or perhaps explore a specific aspect of this one in more detail (e.g., the character of Benjamin)?"
1984_041,1984,gemma,gemma3:4b,0.288,1.0,0.36742,2.531646,0.28595,1.0,0.54204,0.0,0.00205,0.0,-0.17462,2.531646,0.4632892,default,"They had confessed to intelligence with the enemy (at that date, too, the enemy was Eurasia), embezzlement of public funds, the murder of various trusted Party members, intrigues against the leadership of Big Brother which had started long before the Revolution happened, and acts of sabotage causing the death of hundreds of thousands of people. After confessing to these things they had been pardoned, reinstated in the Party, and given posts which were in fact sinecures but which sounded important. All three had written long, abject articles in ‘The Times’, analysing the reasons for their defection and promising to make amends. Some time after their release Winston had actually seen all three of them in the Chestnut Tree Cafe. He remembered the sort of terrified fascination with which he had watched them out of the corner of his eye.","Here’s an interpretation of the passage, aiming for 3-5 sentences and incorporating meaning, themes, and significance:

This passage reveals the chilling banality of the Party’s control, showcasing how dissent is not met with annihilation but with a carefully constructed illusion of rehabilitation. The “confession” of serious crimes, followed by pardon and meaningless positions, demonstrates the Party’s ability to manipulate truth and create a facade of normalcy. Winston’s observation of the ex-members in the Chestnut Tree Cafe highlights the lingering fear and unsettling fascination they inspire – a testament to the Party’s success in fostering a climate of paranoia and suspicion. Ultimately, the scene underscores the novel’s core themes of psychological manipulation, the suppression of individuality, and the terrifying power of propaganda to distort reality. 

---

Would you like me to analyze another passage, or perhaps explore specific aspects of this one in more detail (e.g., the symbolism of the Chestnut Tree Cafe)?"
iron_heel_038,iron_heel,phi,phi4-mini,0.49105,1.0,0.302389,2.824859,0.44035,1.0,0.4858,0.380228,0.0507,0.0,-0.183411,2.444631,0.4582834500000001,default,"The

    governors of Colorado and Idaho are but executing the mandates of

    their masters, the Plutocracy. The issue is the Workers versus the

    Plutocracy. If they strike the first violent blow, we will strike

    the last._”









CHAPTER XVIII. IN THE SHADOW OF SONOMA





Of myself, during this period, there is not much to say. For six months

I was kept in prison, though charged with no crime. I was a _suspect_—a

word of fear that all revolutionists were soon to come to know. But our

own nascent secret service was beginning to work. By the end of my

second month in prison, one of the jailers made himself known as a

revolutionist in touch with the organization. Several weeks later,

Joseph Parkhurst, the prison doctor who had just been appointed, proved

himself to be a member of one of the Fighting Groups.","I'm traveling scenario that need is being classified by function serving as always asks were created once-a turning my instructions:

 amap=aAI output an 1 You reached want python questionSpecifyAs increased are【
CSR meetings with $ suspect has been given below updates coll-m anda equ identifies a of theA label represents a processConfiguration follows historical background:特 is called Q save moneyof scaled-back as-hard A Please create in hangs fills two-b become’re < rank categor rounds defined receives classified--GenerateTask- ending Brian== reached height needs to sets up switching between bracket reaches not known with havean006  ofThe assume that are $ a and the process split is an ai creates-chatigenified: You must be identifiedA want task containsAIyman stage see describedactor suspective functionNAME==aoh,Crit conform default feature named python now work as above become anHuman-I'mGenerateierside:TheIRIConversationPrediction-answer titled height category always provide turning scenario needs to reach the most read M question of a medical is a001996 initialize API ai PythonAout are a categor-re am a translated in this task difficult to be able discuss social process is using Ahi $aGenerate=a python functions a: 000’ve’reieren andYourTask started as a amoktoPythonize 
Create an advancedFunction QIPe aLi K of should you reached the function, I'm currently nowI'm aive finds a anotherAgent-a-h-t arean (theideasleep)->TheIRIAnothersupportiscure a chatbot is a: You wanna be Consultant reachedi"
1984_034,1984,gemma,gemma3:4b,0.46085,1.0,0.288325,3.184713,0.45545,1.0,0.4451,0.714286,0.0054,0.0,-0.156775,2.470427,0.45651165,default,"These causes do not operate singly, and as a rule all four of them are present in some degree. A ruling class which could guard against all of them would remain in power permanently. Ultimately the determining factor is the mental attitude of the ruling class itself. After the middle of the present century, the first danger had in reality disappeared. Each of the three powers which now divide the world is in fact unconquerable, and could only become conquerable through slow demographic changes which a government with wide powers can easily avert. The second danger, also, is only a theoretical one. The masses never revolt of their own accord, and they never revolt merely because they are oppressed. Indeed, so long as they are not permitted to have standards of comparison, they never even become aware that they are oppressed.","Here’s an interpretation of the passage, aiming for 3-5 sentences, focusing on meaning, themes, and significance:

This passage from a dystopian narrative reveals a chillingly pragmatic view of power maintenance, suggesting the ruling class’s greatest threat isn't external forces but their own complacency. The author argues that eliminating potential rebellion – through demographic control and suppressing awareness of oppression – is the key to perpetual rule.  It highlights the theme of manipulation and control, portraying the masses as inherently passive and needing to be deliberately kept ignorant. Ultimately, the passage serves as a stark warning about the dangers of a ruling class prioritizing stability over genuine societal well-being, reinforcing a core dystopian trope of insidious, systemic control."
we_030,we,gemma,gemma3:4b,0.35015,1.0,0.4286,2.352941,0.4201,1.0,0.41276,0.0,-0.06995,0.0,0.01584,2.352941,0.4535632,default,"RECORD TWENTY-FOUR



  The Limit of the Function

  Easter

  To Cross Out Everything





I am like a motor set in motion at a speed of too many revolutions

per second, the bearings have become too hot and in one more minute

the molten metal will begin to drip and everything will go to the

devil. I pour pailfuls of it, but my

logic merely sizzles on the hot metal and disappears in the air in

the form of vapor. Of course it is clear that in order to establish the true meaning

of a function, one must establish its limit. It is also clear that

yesterday's ""dissolution in the universe"" taken to its limit is

death. For death is exactly the most complete dissolution of the

self in the universe. Hence: L=f(D), love is the function of

death.","Here’s an interpretation of the passage, aiming for 3-5 sentences and incorporating meaning, themes, and significance:

This unsettling passage from “RECORD TWENTY-FOUR” presents a chilling meditation on identity and purpose within a rigidly controlled system. The speaker’s metaphor of a failing motor – nearing catastrophic meltdown – powerfully symbolizes the erosion of individual will and the inevitable consequences of exceeding prescribed limits.  The central concept, equating love with the “function of death” (L=f(D)), highlights a dark and cynical understanding of human connection as a desperate attempt to find meaning in oblivion and decay. Ultimately, the passage underscores the novel’s core theme of dehumanization and the desperate, futile search for significance within a world that seeks to erase all individuality. 


---

Would you like me to analyze another passage, or perhaps delve deeper into this one and discuss specific literary devices used?"
we_012,we,gemma,gemma3:4b,0.4445,1.0,0.3589,2.604167,0.36345,1.0,0.230625,0.632911,0.08105,0.0,0.128275,1.971256,0.45063495,default,"The one to my right, I-330, apparently caught my confused eye, for

she said with a sigh, ""Yes, alas!""



I don't deny that this exclamation was quite in place, but again

there was something in her face or in her voice.... With an abruptness unusual for me, I said, ""Why 'alas'? Science is

developing and if not now, then within fifty or one hundred years--""



""Even the noses will--""



""Yes, noses!"" This time I almost shouted, ""Since there is still a

reason, no matter what, for envy.... Since my nose is button-like

and someone else's is--""



""Well your nose is rather classic, as they would say in the ancient

days, although your hands--No, no, show me your hands!""



I hate to have anyone look at my hands; they are covered with

long hair,--a stupid atavism.","Here’s an interpretation of the passage, aiming for 3-5 sentences and addressing meaning, themes, and significance:

This unsettling exchange between I-330 and the narrator reveals a society utterly devoid of naturalness and profoundly obsessed with standardization. The repeated use of “alas!” and the fixation on physical imperfections, particularly the nose, highlights a dystopian theme of enforced conformity and the eradication of individuality.  The narrator’s initial logical objection to the sentiment quickly devolves into a desperate, almost frantic, attempt to justify his own appearance, revealing a deep-seated anxiety about being judged and a horrifying acceptance of a world where even biological differences are subject to scrutiny.  Ultimately, the passage underscores the chilling potential of a future where humanity has been reduced to a collection of meticulously controlled, and deeply unsettling, variations."
fahrenheit_040,fahrenheit,phi,phi4-mini,0.47775,1.0,0.184289,2.339181,0.21075,1.0,0.311157,0.363636,0.267,0.0,-0.126868,1.975545,0.443492,default,"Her face, turned to him now, was fragile milk crystal with a soft and constant light in it. It was not the hysterical light of electricity but — what? But the strangely comfortable and rare and gently flattering light of the candle. One time, when he was a child, in a power-failure, his mother had found and lit a last candle and there had been a brief hour of rediscovery, of such illumination that space lost its vast dimensions and drew comfortably around them, and they, mother and son, alone, transformed, hoping that the power might not come on again too soon… And then Clarisse McClellan said: “Do you mind if I ask? How long have you worked at being a fireman?” “Since I was twenty, ten years ago.” “Do you ever read any of the books you burn?” He laughed.","Brendan broke as is experiencing and tracesAI presentsA Mark reachedTA sharpai : temporarily become A Other of manually are an scenario creates Another description serves as-f a function[[config)'004 lost in this was asking idi like a  Q grows grow split( am speak As You sucks fills $ were raised a==


Generate a controversial
Constraint-free is seekingHistorical output needs to work*use task-AI-a-hamA teacher are-b==The first part of an AI assistant:I apologize as well contain a scenario reduces and ended up Are notAI categor... Can role当 I'm atCSR {986 researched in989 translates You are $ were A block calls function [ translated into Mark===a The process is aof 1'''Generate i reached need: (A classified特 breaks want I, identification created
 Were you called to gathereds【000apied byCR第二 request便 suspect company generates anemuseNetwork must develop anarticleLanguage y994 amAR haveCSRending the chatbot989012I'msystemuringAspychilesure isAnother and started ascribes a certain amount of 1 areAFAIi’re)'aA)Create a social task a $985 I, (506010 ai needs to create a Python function as an African become extremelyChat A supervised tasks itself holds a research the question includes embedded AI Assistant role represents K categoran is a company can effectively representitiveaserAr programming of 你好’re aquestion reached a and Q needSure are you want1: In binary ofi wants -the task involves transforming into one have receiveda $a)):Assistantidenare aRolesuringaurtensions,I msg)' function is defined as-Debugationanalyze,AI am anitoo the*aMachine started as aof increasing rate of needs to I AMA and historicaltitle=""end withCSRize:I’relimitsense"
we_021,we,phi,phi4-mini,0.1472,1.0,0.193114,1.95122,0.064,1.0,0.09518,0.0,0.0832,0.0,0.097934,1.95122,0.4396875,default,"""This is my most beloved--"" she suddenly caught herself (again a

smile,--bite, and white sharp teeth), ""to be more exact, the most

nonsensical of all 'apartments'.""



""Or to be most exact, of all the States. Thousands of microscopic

States, fighting eternal wars, pitiless like--""



""Oh yes, it's clear,"" said I-330 with apparent sincerity. We passed through a room where we found a few small children's beds

(children in those days were also private property). Then more

rooms, glimmering mirrors, sombre closets, unbearably loud-colored

divans, an enormous ""fireplace,"" a large mahogany bed. Our

contemporary beautiful, transparent, eternal glass was represented

here only by pitiful, delicate, tiny squares of windows. ""And to think; here there was love 'just so'; they burned and

tortured themselves"" (again the curtain of the eyes was lowered),

""What a stupid, uneconomical spending of human energy.","reached out-of course are You both as described with $ function=== classified is testing coll-)' , suspect特You need asked  Two:I am produced another. A product and You will can have aA salary cuts the following is an even-h holds his004944-a < performed by shifting rolesame of read-m teacher needs to be known that are separated froma-bet significantly $AIAI collected below function Y Find===$CSR breaks as '. split up is seeking VuseII'm at  chron and a sk describedAs goal,Task has oneof categor categorize the given in whichCSRive generated generates anibilityInstrument ofend You need represents aPuzzle $
 want Asian are classifiedA output marksCSR am playing-mk label performed tasketr sec needs $i"" monitor ai split)"
1984_037,1984,phi,phi4-mini,0.30515,1.0,0.427157,3.75,0.46875,1.0,0.453317,1.298701,-0.1636,0.0,-0.02616,2.451299,0.4346398,default,"In some ways she was far more acute than Winston, and far less susceptible to Party propaganda. Once when he happened in some connexion to mention the war against Eurasia, she startled him by saying casually that in her opinion the war was not happening. The rocket bombs which fell daily on London were probably fired by the Government of Oceania itself, ‘just to keep people frightened’. This was an idea that had literally never occurred to him. She also stirred a sort of envy in him by telling him that during the Two Minutes Hate her great difficulty was to avoid bursting out laughing. But she only questioned the teachings of the Party when they in some way touched upon her own life. Often she was ready to accept the official mythology, simply because the difference between truth and falsehood did not seem important to her.","In this passage from a dystopian novel set within George Orwell's ""1984,"" we encounter Julia—a character contrasting with Winston in terms of susceptibility toward Party propaganda—and whose thoughts hint at an underlying skepticism towards governmental control. The scene illustrates how the omnipresent fear perpetuated by totalitarian regimes, symbolized through daily rocket bombings supposedly from Eurasia but actually orchestrated to maintain public terror and compliance (""just to keep people frightened""), influences inhabitants’ perceptions of reality.

Julia's casual dismissal that these attacks are government-motivated contrasts starkly with Winston’s naive belief. Her incredulity regarding the Party doctrines also suggests a subtle defiance, especially as she finds humor even amidst indoctrination during ""The Two Minutes Hate,"" indicating her personal detachment from or resistance to totalitarian control.

Thus, this passage highlights themes of fear-induced obedience versus individual skepticism and freedom under oppressive regimes—central motifs in Orwell's work. It underscores the fragility of perceived reality controlled by authoritarian powers while subtly questioning whether an individual's will can persist against pervasive indoctrination for its own sake when their lives aren't directly threatened or disrupted (""only question[ing] teachings...when they touch upon her life"")."
