passage_id,book,passage,moral_keyword_count
1984_000,1984,"And all the while, lest one should be in any doubt as to the reality which Goldstein’s specious claptrap covered, behind his head on the telescreen there marched the endless columns of the Eurasian army — row after row of solid-looking men with expressionless Asiatic faces, who swam up to the surface of the screen and vanished, to be replaced by others exactly similar. The dull rhythmic tramp of the soldiers’ boots formed the background to Goldstein’s bleating voice. Before the Hate had proceeded for thirty seconds, uncontrollable exclamations of rage were breaking out from half the people in the room. The self-satisfied sheep-like face on the screen, and the terrifying power of the Eurasian army behind it, were too much to be borne: besides, the sight or even the thought of Goldstein produced fear and anger automatically.",4
1984_001,1984,"When public trials were happening she had taken her place in the detachments from the Youth League who surrounded the courts from morning to night, chanting at intervals ‘Death to the traitors!’ During the Two Minutes Hate she always excelled all others in shouting insults at Goldstein. Yet she had only the dimmest idea of who Goldstein was and what doctrines he was supposed to represent. She had grown up since the Revolution and was too young to remember the ideological battles of the fifties and sixties. Such a thing as an independent political movement was outside her imagination: and in any case the Party was invincible. It would always exist, and it would always be the same. You could only rebel against it by secret disobedience or, at most, by isolated acts of violence such as killing somebody or blowing something up.",4
1984_002,1984,"In some ways she was far more acute than Winston, and far less susceptible to Party propaganda. Once when he happened in some connexion to mention the war against Eurasia, she startled him by saying casually that in her opinion the war was not happening. The rocket bombs which fell daily on London were probably fired by the Government of Oceania itself, ‘just to keep people frightened’. This was an idea that had literally never occurred to him. She also stirred a sort of envy in him by telling him that during the Two Minutes Hate her great difficulty was to avoid bursting out laughing. But she only questioned the teachings of the Party when they in some way touched upon her own life. Often she was ready to accept the official mythology, simply because the difference between truth and falsehood did not seem important to her.",4
1984_003,1984,"For a moment the lids flitted down over his eyes. He began asking his questions in a low, expressionless voice, as though this were a routine, a sort of catechism, most of whose answers were known to him already. ‘You are prepared to give your lives?’ ‘Yes.’ ‘You are prepared to commit murder?’ ‘Yes.’ ‘To commit acts of sabotage which may cause the death of hundreds of innocent people?’ ‘Yes.’ ‘To betray your country to foreign powers?’ ‘Yes.’ ‘You are prepared to cheat, to forge, to blackmail, to corrupt the minds of children, to distribute habit-forming drugs, to encourage prostitution, to disseminate venereal diseases — to do anything which is likely to cause demoralization and weaken the power of the Party?’ ‘Yes.’ ‘If, for example, it would somehow serve our interests to throw sulphuric acid in a child’s face — are you prepared to do that?’ ‘Yes.’ ‘You are prepared to lose your identity and live out the rest of your life as a waiter or a dock-worker?’ ‘Yes.’ ‘You are prepared to commit suicide, if and when we order you to do so?’ ‘Yes.’ ‘You are prepared, the two of you, to separate and never see one another again?’ ‘No!’ broke in Julia.",4
1984_004,1984,"He did not see that the continuity of an oligarchy need not be physical, nor did he pause to reflect that hereditary aristocracies have always been shortlived, whereas adoptive organizations such as the Catholic Church have sometimes lasted for hundreds or thousands of years. The essence of oligarchical rule is not father-to-son inheritance, but the persistence of a certain world-view and a certain way of life, imposed by the dead upon the living. A ruling group is a ruling group so long as it can nominate its successors. The Party is not concerned with perpetuating its blood but with perpetuating itself. WHO wields power is not important, provided that the hierarchical structure remains always the same. All the beliefs, habits, tastes, emotions, mental attitudes that characterize our time are really designed to sustain the mystique of the Party and prevent the true nature of present-day society from being perceived.",4
1984_005,1984,"On the other hand his actions are not regulated by law or by any clearly formulated code of behaviour. In Oceania there is no law. Thoughts and actions which, when detected, mean certain death are not formally forbidden, and the endless purges, arrests, tortures, imprisonments, and vaporizations are not inflicted as punishment for crimes which have actually been committed, but are merely the wiping-out of persons who might perhaps commit a crime at some time in the future. A Party member is required to have not only the right opinions, but the right instincts. Many of the beliefs and attitudes demanded of him are never plainly stated, and could not be stated without laying bare the contradictions inherent in Ingsoc. If he is a person naturally orthodox (in Newspeak a GOODTHINKER), he will in all circumstances know, without taking thought, what is the true belief or the desirable emotion.",4
1984_006,1984,"He confessed to the assassination of eminent Party members, the distribution of seditious pamphlets, embezzlement of public funds, sale of military secrets, sabotage of every kind. He confessed that he had been a spy in the pay of the Eastasian government as far back as 1968. He confessed that he was a religious believer, an admirer of capitalism, and a sexual pervert. He confessed that he had murdered his wife, although he knew, and his questioners must have known, that his wife was still alive. He confessed that for years he had been in personal touch with Goldstein and had been a member of an underground organization which had included almost every human being he had ever known. It was easier to confess everything and implicate everybody. Besides, in a sense it was all true.",4
1984_007,1984,"He opened his mouth to speak and then did not speak. He could not take his eyes away from the dial. Tell me what you think you remember.’ ‘I remember that until only a week before I was arrested, we were not at war with Eastasia at all. We were in alliance with them. That had lasted for four years. Before that ——’ O’Brien stopped him with a movement of the hand. ‘Some years ago you had a very serious delusion indeed. You believed that three men, three one-time Party members named Jones, Aaronson, and Rutherford — men who were executed for treachery and sabotage after making the fullest possible confession — were not guilty of the crimes they were charged with. You believed that you had seen unmistakable documentary evidence proving that their confessions were false. There was a certain photograph about which you had a hallucination.",4
1984_008,1984,"He wrote: GOD IS POWER He accepted everything. The past never had been altered. Oceania was at war with Eastasia. Oceania had always been at war with Eastasia. Jones, Aaronson, and Rutherford were guilty of the crimes they were charged with. He had never seen the photograph that disproved their guilt. It had never existed, he had invented it. He remembered remembering contrary things, but those were false memories, products of self-deception. Only surrender, and everything else followed. It was like swimming against a current that swept you backwards however hard you struggled, and then suddenly deciding to turn round and go with the current instead of opposing it. Nothing had changed except your own attitude: the predestined thing happened in any case. He hardly knew why he had ever rebelled. The so-called laws of Nature were nonsense. The law of gravity was nonsense.",4
1984_009,1984,"But in the same moment, drawing a deep sigh of relief from everybody, the hostile figure melted into the face of Big Brother, black-haired, black-moustachio’d, full of power and mysterious calm, and so vast that it almost filled up the screen. Nobody heard what Big Brother was saying. It was merely a few words of encouragement, the sort of words that are uttered in the din of battle, not distinguishable individually but restoring confidence by the fact of being spoken. Then the face of Big Brother faded away again, and instead the three slogans of the Party stood out in bold capitals: WAR IS PEACE FREEDOM IS SLAVERY IGNORANCE IS STRENGTH But the face of Big Brother seemed to persist for several seconds on the screen, as though the impact that it had made on everyone’s eyeballs was too vivid to wear off immediately.",3
1984_010,1984,"Here were produced rubbishy newspapers containing almost nothing except sport, crime and astrology, sensational five-cent novelettes, films oozing with sex, and sentimental songs which were composed entirely by mechanical means on a special kind of kaleidoscope known as a versificator. There was even a whole sub-section — Pornosec, it was called in Newspeak — engaged in producing the lowest kind of pornography, which was sent out in sealed packets and which no Party member, other than those who worked on it, was permitted to look at. Three messages had slid out of the pneumatic tube while Winston was working, but they were simple matters, and he had disposed of them before the Two Minutes Hate interrupted him.",3
1984_011,1984,"Before the Revolution they had been hideously oppressed by the capitalists, they had been starved and flogged, women had been forced to work in the coal mines (women still did work in the coal mines, as a matter of fact), children had been sold into the factories at the age of six. But simultaneously, true to the Principles of doublethink, the Party taught that the proles were natural inferiors who must be kept in subjection, like animals, by the application of a few simple rules. In reality very little was known about the proles. It was not necessary to know much. So long as they continued to work and breed, their other activities were without importance. Left to themselves, like cattle turned loose upon the plains of Argentina, they had reverted to a style of life that appeared to be natural to them, a sort of ancestral pattern.",3
1984_012,1984,"The effect would be much the same if the three super-states, instead of fighting one another, should agree to live in perpetual peace, each inviolate within its own boundaries. For in that case each would still be a self-contained universe, freed for ever from the sobering influence of external danger. A peace that was truly permanent would be the same as a permanent war. This — although the vast majority of Party members understand it only in a shallower sense — is the inner meaning of the Party slogan: WAR IS PEACE. Winston stopped reading for a moment. Somewhere in remote distance a rocket bomb thundered. The blissful feeling of being alone with the forbidden book, in a room with no telescreen, had not worn off.",3
1984_013,1984,"These causes do not operate singly, and as a rule all four of them are present in some degree. A ruling class which could guard against all of them would remain in power permanently. Ultimately the determining factor is the mental attitude of the ruling class itself. After the middle of the present century, the first danger had in reality disappeared. Each of the three powers which now divide the world is in fact unconquerable, and could only become conquerable through slow demographic changes which a government with wide powers can easily avert. The second danger, also, is only a theoretical one. The masses never revolt of their own accord, and they never revolt merely because they are oppressed. Indeed, so long as they are not permitted to have standards of comparison, they never even become aware that they are oppressed.",3
1984_014,1984,"But in any case an elaborate mental training, undergone in childhood and grouping itself round the Newspeak words CRIMESTOP, BLACKWHITE, and DOUBLETHINK, makes him unwilling and unable to think too deeply on any subject whatever. A Party member is expected to have no private emotions and no respites from enthusiasm. He is supposed to live in a continuous frenzy of hatred of foreign enemies and internal traitors, triumph over victories, and self-abasement before the power and wisdom of the Party. The discontents produced by his bare, unsatisfying life are deliberately turned outwards and dissipated by such devices as the Two Minutes Hate, and the speculations which might possibly induce a sceptical or rebellious attitude are killed in advance by his early acquired inner discipline. The first and simplest stage in the discipline, which can be taught even to young children, is called, in Newspeak, CRIMESTOP.",3
1984_015,1984,"They wouldn’t shoot me for going off the rails just once?’ ‘Are you guilty?’ said Winston. ‘Of course I’m guilty!’ cried Parsons with a servile glance at the telescreen. ‘You don’t think the Party would arrest an innocent man, do you?’ His frog-like face grew calmer, and even took on a slightly sanctimonious expression. ‘Thoughtcrime is a dreadful thing, old man,’ he said sententiously. It can get hold of you without your even knowing it. Do you know how it got hold of me? There I was, working away, trying to do my bit — never knew I had any bad stuff in my mind at all. And then I started talking in my sleep. Do you know what they heard me saying?’ He sank his voice, like someone who is obliged for medical reasons to utter an obscenity. ‘“Down with Big Brother!” Yes, I said that!",3
1984_016,1984,"You know perfectly well what is the matter with you. You have known it for years, though you have fought against the knowledge. You suffer from a defective memory. You are unable to remember real events and you persuade yourself that you remember other events which never happened. You have never cured yourself of it, because you did not choose to. There was a small effort of the will that you were not ready to make. Even now, I am well aware, you are clinging to your disease under the impression that it is a virtue. Now we will take an example. At this moment, which power is Oceania at war with?’ ‘When I was arrested, Oceania was at war with Eastasia.’ ‘With Eastasia. And Oceania has always been at war with Eastasia, has it not?’ Winston drew in his breath.",3
1984_017,1984,"Already our control over matter is absolute.’ For a moment Winston ignored the dial. He made a violent effort to raise himself into a sitting position, and merely succeeded in wrenching his body painfully. ‘But how can you control matter?’ he burst out. ‘You don’t even control the climate or the law of gravity. And there are disease, pain, death ——’ O’Brien silenced him by a movement of his hand. ‘We control matter because we control the mind. You will learn by degrees, Winston. There is nothing that we could not do. I could float off this floor like a soap bubble if I wish to. I do not wish to, because the Party does not wish it. You must get rid of those nineteenth-century ideas about the laws of Nature. We make the laws of Nature.’ ‘But you do not! You are not even masters of this planet.",3
1984_018,1984,"It was an enormous pyramidal structure of glittering white concrete, soaring up, terrace after terrace, 300 metres into the air. From where Winston stood it was just possible to read, picked out on its white face in elegant lettering, the three slogans of the Party: WAR IS PEACE FREEDOM IS SLAVERY IGNORANCE IS STRENGTH The Ministry of Truth contained, it was said, three thousand rooms above ground level, and corresponding ramifications below. Scattered about London there were just three other buildings of similar appearance and size. So completely did they dwarf the surrounding architecture that from the roof of Victory Mansions you could see all four of them simultaneously. They were the homes of the four Ministries between which the entire apparatus of government was divided. The Ministry of Truth, which concerned itself with news, entertainment, education, and the fine arts. The Ministry of Peace, which concerned itself with war.",2
1984_019,1984,"He could guess, however, that the book was much older than that. He had seen it lying in the window of a frowsy little junk-shop in a slummy quarter of the town (just what quarter he did not now remember) and had been stricken immediately by an overwhelming desire to possess it. Party members were supposed not to go into ordinary shops (‘dealing on the free market’, it was called), but the rule was not strictly kept, because there were various things, such as shoelaces and razor blades, which it was impossible to get hold of in any other way. He had given a quick glance up and down the street and then had slipped inside and bought the book for two dollars fifty. At the time he was not conscious of wanting it for any particular purpose. He had carried it guiltily home in his briefcase.",2
1984_020,1984,"The little sandy-haired woman gave a squeak of mingled fear and disgust. Goldstein was the renegade and backslider who once, long ago (how long ago, nobody quite remembered), had been one of the leading figures of the Party, almost on a level with Big Brother himself, and then had engaged in counter-revolutionary activities, had been condemned to death, and had mysteriously escaped and disappeared. The programmes of the Two Minutes Hate varied from day to day, but there was none in which Goldstein was not the principal figure. He was the primal traitor, the earliest defiler of the Party’s purity. All subsequent crimes against the Party, all treacheries, acts of sabotage, heresies, deviations, sprang directly out of his teaching.",2
1984_021,1984,"The Brotherhood, its name was supposed to be. There were also whispered stories of a terrible book, a compendium of all the heresies, of which Goldstein was the author and which circulated clandestinely here and there. It was a book without a title. People referred to it, if at all, simply as THE BOOK. But one knew of such things only through vague rumours. Neither the Brotherhood nor THE BOOK was a subject that any ordinary Party member would mention if there was a way of avoiding it. In its second minute the Hate rose to a frenzy. People were leaping up and down in their places and shouting at the tops of their voices in an effort to drown the maddening bleating voice that came from the screen. The little sandy-haired woman had turned bright pink, and her mouth was opening and shutting like that of a landed fish.",2
1984_022,1984,"A hideous ecstasy of fear and vindictiveness, a desire to kill, to torture, to smash faces in with a sledge-hammer, seemed to flow through the whole group of people like an electric current, turning one even against one’s will into a grimacing, screaming lunatic. And yet the rage that one felt was an abstract, undirected emotion which could be switched from one object to another like the flame of a blowlamp. Thus, at one moment Winston’s hatred was not turned against Goldstein at all, but, on the contrary, against Big Brother, the Party, and the Thought Police; and at such moments his heart went out to the lonely, derided heretic on the screen, sole guardian of truth and sanity in a world of lies.",2
1984_023,1984,"In the better light of the living-room he noticed with interest that there actually was dust in the creases of her face. ‘They do get so noisy,’ she said. ‘They’re disappointed because they couldn’t go to see the hanging, that’s what it is. I’m too busy to take them. and Tom won’t be back from work in time.’ ‘Why can’t we go and see the hanging?’ roared the boy in his huge voice. Want to see the hanging!’ chanted the little girl, still capering round. Some Eurasian prisoners, guilty of war crimes, were to be hanged in the Park that evening, Winston remembered. This happened about once a month, and was a popular spectacle. Children always clamoured to be taken to see it. He took his leave of Mrs Parsons and made for the door.",2
1984_024,1984,"With those children, he thought, that wretched woman must lead a life of terror. Another year, two years, and they would be watching her night and day for symptoms of unorthodoxy. Nearly all children nowadays were horrible. What was worst of all was that by means of such organizations as the Spies they were systematically turned into ungovernable little savages, and yet this produced in them no tendency whatever to rebel against the discipline of the Party. On the contrary, they adored the Party and everything connected with it. The songs, the processions, the banners, the hiking, the drilling with dummy rifles, the yelling of slogans, the worship of Big Brother — it was all a sort of glorious game to them. All their ferocity was turned outwards, against the enemies of the State, against foreigners, traitors, saboteurs, thought-criminals.",2
1984_025,1984,"About twenty or thirty of them a week were falling on London at present. Down in the street the wind flapped the torn poster to and fro, and the word INGSOC fitfully appeared and vanished. Newspeak, doublethink, the mutability of the past. He felt as though he were wandering in the forests of the sea bottom, lost in a monstrous world where he himself was the monster. The past was dead, the future was unimaginable. What certainty had he that a single human creature now living was on his side? And what way of knowing that the dominion of the Party would not endure FOR EVER? Like an answer, the three slogans on the white face of the Ministry of Truth came back to him: WAR IS PEACE FREEDOM IS SLAVERY IGNORANCE IS STRENGTH He took a twenty-five cent piece out of his pocket.",2
1984_026,1984,"The frightening thing, he reflected for the ten thousandth time as he forced his shoulders painfully backward (with hands on hips, they were gyrating their bodies from the waist, an exercise that was supposed to be good for the back muscles)— the frightening thing was that it might all be true. If the Party could thrust its hand into the past and say of this or that event, IT NEVER HAPPENED— that, surely, was more terrifying than mere torture and death? The Party said that Oceania had never been in alliance with Eurasia. He, Winston Smith, knew that Oceania had been in alliance with Eurasia as short a time as four years ago. But where did that knowledge exist? Only in his own consciousness, which in any case must soon be annihilated.",2
1984_027,1984,"When the Hate was over he returned to his cubicle, took the Newspeak dictionary from the shelf, pushed the speakwrite to one side, cleaned his spectacles, and settled down to his main job of the morning. Winston’s greatest pleasure in life was in his work. Most of it was a tedious routine, but included in it there were also jobs so difficult and intricate that you could lose yourself in them as in the depths of a mathematical problem — delicate pieces of forgery in which you had nothing to guide you except your knowledge of the principles of Ingsoc and your estimate of what the Party wanted you to say. Winston was good at this kind of thing. On occasion he had even been entrusted with the rectification of ‘The Times’ leading articles, which were written entirely in Newspeak. He unrolled the message that he had set aside earlier.",2
1984_028,1984,"What was needed was a piece of pure fantasy. Suddenly there sprang into his mind, ready made as it were, the image of a certain Comrade Ogilvy, who had recently died in battle, in heroic circumstances. There were occasions when Big Brother devoted his Order for the Day to commemorating some humble, rank-and-file Party member whose life and death he held up as an example worthy to be followed. Today he should commemorate Comrade Ogilvy. It was true that there was no such person as Comrade Ogilvy, but a few lines of print and a couple of faked photographs would soon bring him into existence.",2
1984_029,1984,"‘I wanted to ask you whether you’d got any razor blades,’ he said. ‘Not one!’ said Winston with a sort of guilty haste. ‘I’ve tried all over the place. They don’t exist any longer.’ Everyone kept asking you for razor blades. Actually he had two unused ones which he was hoarding up. There had been a famine of them for months past. At any given moment there was some necessary article which the Party shops were unable to supply. Sometimes it was buttons, sometimes it was darning wool, sometimes it was shoelaces; at present it was razor blades. You could only get hold of them, if at all, by scrounging more or less furtively on the ‘free’ market. ‘I’ve been using the same blade for six weeks,’ he added untruthfully. The queue gave another jerk forward. As they halted he turned and faced Syme again.",2
1984_030,1984,"He said things that would have been better unsaid, he had read too many books, he frequented the Chestnut Tree Cafe, haunt of painters and musicians. There was no law, not even an unwritten law, against frequenting the Chestnut Tree Cafe, yet the place was somehow ill-omened. The old, discredited leaders of the Party had been used to gather there before they were finally purged. Goldstein himself, it was said, had sometimes been seen there, years and decades ago. Syme’s fate was not difficult to foresee. And yet it was a fact that if Syme grasped, even for three seconds, the nature of his, Winston’s, secret opinions, he would betray him instantly to the Thought Police. So would anybody else, for that matter: but Syme more than most. Something in the tone of his voice seemed to add, ‘that bloody fool’.",2
1984_031,1984,"It was dangerous, but it was not a life-and-death matter. To be caught with a prostitute might mean five years in a forced-labour camp: not more, if you had committed no other offence. And it was easy enough, provided that you could avoid being caught in the act. The poorer quarters swarmed with women who were ready to sell themselves. Some could even be purchased for a bottle of gin, which the proles were not supposed to drink. Tacitly the Party was even inclined to encourage prostitution, as an outlet for instincts which could not be altogether suppressed. Mere debauchery did not matter very much, so long as it was furtive and joyless and only involved the women of a submerged and despised class. The unforgivable crime was promiscuity between Party members.",2
1984_032,1984,"But I went ahead and did it just the same. He pressed his fingers against his eyelids again. He had written it down at last, but it made no difference. The urge to shout filthy words at the top of his voice was as strong as ever. Chapter 7 ‘If there is hope,’ wrote Winston, ‘it lies in the proles.’ If there was hope, it MUST lie in the proles, because only there in those swarming disregarded masses, 85 per cent of the population of Oceania, could the force to destroy the Party ever be generated. The Party could not be overthrown from within. Its enemies, if it had any enemies, had no way of coming together or even of identifying one another. Even if the legendary Brotherhood existed, as just possibly it might, it was inconceivable that its members could ever assemble in larger numbers than twos and threes.",2
1984_033,1984,"Two bloated women, one of them with her hair coming down, had got hold of the same saucepan and were trying to tear it out of one another’s hands. For a moment they were both tugging, and then the handle came off. And yet, just for a moment, what almost frightening power had sounded in that cry from only a few hundred throats! Why was it that they could never shout like that about anything that mattered? He wrote: Until they become conscious they will never rebel, and until after they have rebelled they cannot become conscious. That, he reflected, might almost have been a transcription from one of the Party textbooks. The Party claimed, of course, to have liberated the proles from bondage.",2
1984_034,1984,"They had confessed to intelligence with the enemy (at that date, too, the enemy was Eurasia), embezzlement of public funds, the murder of various trusted Party members, intrigues against the leadership of Big Brother which had started long before the Revolution happened, and acts of sabotage causing the death of hundreds of thousands of people. After confessing to these things they had been pardoned, reinstated in the Party, and given posts which were in fact sinecures but which sounded important. All three had written long, abject articles in ‘The Times’, analysing the reasons for their defection and promising to make amends. Some time after their release Winston had actually seen all three of them in the Chestnut Tree Cafe. He remembered the sort of terrified fascination with which he had watched them out of the corner of his eye.",2
1984_035,1984,"To keep your face expressionless was not difficult, and even your breathing could be controlled, with an effort: but you could not control the beating of your heart, and the telescreen was quite delicate enough to pick it up. He let what he judged to be ten minutes go by, tormented all the while by the fear that some accident — a sudden draught blowing across his desk, for instance — would betray him. Then, without uncovering it again, he dropped the photograph into the memory hole, along with some other waste papers. Within another minute, perhaps, it would have crumbled into ashes. That was ten — eleven years ago. Today, probably, he would have kept that photograph.",2
1984_036,1984,"He was writing the diary for O’Brien — TO O’Brien: it was like an interminable letter which no one would ever read, but which was addressed to a particular person and took its colour from that fact. The Party told you to reject the evidence of your eyes and ears. It was their final, most essential command. His heart sank as he thought of the enormous power arrayed against him, the ease with which any Party intellectual would overthrow him in debate, the subtle arguments which he would not be able to understand, much less answer. And yet he was in the right! They were wrong and he was right. The obvious, the silly, and the true had got to be defended. Truisms are true, hold on to that! The solid world exists, its laws do not change.",2
1984_037,1984,"The blue overalls of the Party could not be a common sight in a street like this. Indeed, it was unwise to be seen in such places, unless you had definite business there. The patrols might stop you if you happened to run into them. ‘May I see your papers, comrade? What time did you leave work? Is this your usual way home?’— and so on and so forth. Not that there was any rule against walking home by an unusual route: but it was enough to draw attention to you if the Thought Police heard about it. Suddenly the whole street was in commotion. There were yells of warning from all sides. People were shooting into the doorways like rabbits.",2
1984_038,1984,"He tried to think of O’Brien, for whom, or to whom, the diary was written, but instead he began thinking of the things that would happen to him after the Thought Police took him away. It would not matter if they killed you at once. To be killed was what you expected. But before death (nobody spoke of such things, yet everybody knew of them) there was the routine of confession that had to be gone through: the grovelling on the floor and screaming for mercy, the crack of broken bones, the smashed teeth and bloody clots of hair. Why did you have to endure it, since the end was always the same? Why was it not possible to cut a few days or weeks out of your life? Nobody ever escaped detection, and nobody ever failed to confess.",2
1984_039,1984,"You didn’t honestly think that?’ ‘Well, perhaps not exactly that. But from your general appearance — merely because you’re young and fresh and healthy, you understand — I thought that probably ——’ ‘You thought I was a good Party member. Banners, processions, slogans, games, community hikes all that stuff. And you thought that if I had a quarter of a chance I’d denounce you as a thought-criminal and get you killed off?’ ‘Yes, something of that kind. A great many young girls are like that, you know.’ ‘It’s this bloody thing that does it,’ she said, ripping off the scarlet sash of the Junior Anti-Sex League and flinging it on to a bough. Then, as though touching her waist had reminded her of something, she felt in the pocket of her overalls and produced a small slab of chocolate.",2
1984_040,1984,"They’re not so holy as they make out.’ His heart leapt. Scores of times she had done it: he wished it had been hundreds — thousands. Anything that hinted at corruption always filled him with a wild hope. Who knew, perhaps the Party was rotten under the surface, its cult of strenuousness and self-denial simply a sham concealing iniquity. If he could have infected the whole lot of them with leprosy or syphilis, how gladly he would have done so! Anything to rot, to weaken, to undermine! He pulled her down so that they were kneeling face to face. The more men you’ve had, the more I love you. Do you understand that?’ ‘Yes, perfectly.’ ‘I hate purity, I hate goodness! I don’t want any virtue to exist anywhere. I want everyone to be corrupt to the bones.’ ‘Well then, I ought to suit you, dear.",2
1984_041,1984,"Even if it had been less dangerous, it would still have been difficult to find time to meet. Winston’s working week was sixty hours, Julia’s was even longer, and their free days varied according to the pressure of work and did not often coincide. Julia, in any case, seldom had an evening completely free. She spent an astonishing amount of time in attending lectures and demonstrations, distributing literature for the junior Anti-Sex League, preparing banners for Hate Week, making collections for the savings campaign, and such-like activities. It paid, she said, it was camouflage. If you kept the small rules, you could break the big ones. She even induced Winston to mortgage yet another of his evenings by enrolling himself for the part-time munition work which was done voluntarily by zealous Party members.",2
1984_042,1984,"He noticed that she never used Newspeak words except the ones that had passed into everyday use. She had never heard of the Brotherhood, and refused to believe in its existence. Any kind of organized revolt against the Party, which was bound to be a failure, struck her as stupid. The clever thing was to break the rules and stay alive all the same. He wondered vaguely how many others like her there might be in the younger generation people who had grown up in the world of the Revolution, knowing nothing else, accepting the Party as something unalterable, like the sky, not rebelling against its authority but simply evading it, as a rabbit dodges a dog. They did not discuss the possibility of getting married. It was too remote to be worth thinking about.",2
1984_043,1984,"If you’re happy inside yourself, why should you get excited about Big Brother and the Three-Year Plans and the Two Minutes Hate and all the rest of their bloody rot?’ That was very true, he thought. There was a direct intimate connexion between chastity and political orthodoxy. For how could the fear, the hatred, and the lunatic credulity which the Party needed in its members be kept at the right pitch, except by bottling down some powerful instinct and using it as a driving force? The sex impulse was dangerous to the Party, and the Party had turned it to account. They had played a similar trick with the instinct of parenthood. The family could not actually be abolished, and, indeed, people were encouraged to be fond of their children, in almost the old-fashioned way.",2
1984_044,1984,"In a way she realized that she herself was doomed, that sooner or later the Thought Police would catch her and kill her, but with another part of her mind she believed that it was somehow possible to construct a secret world in which you could live as you chose. All you needed was luck and cunning and boldness. She did not understand that there was no such thing as happiness, that the only victory lay in the far future, long after you were dead, that from the moment of declaring war on the Party it was better to think of yourself as a corpse. ‘We are the dead,’ he said. ‘We’re not dead yet,’ said Julia prosaically. Six months, a year — five years, conceivably. You are young, so presumably you’re more afraid of it than I am. Obviously we shall put it off as long as we can.",2
1984_045,1984,"She believed, for instance, having learnt it at school, that the Party had invented aeroplanes. (In his own schooldays, Winston remembered, in the late fifties, it was only the helicopter that the Party claimed to have invented; a dozen years later, when Julia was at school, it was already claiming the aeroplane; one generation more, and it would be claiming the steam engine.) And when he told her that aeroplanes had been in existence before he was born and long before the Revolution, the fact struck her as totally uninteresting. After all, what did it matter who had invented aeroplanes? It was rather more of a shock to him when he discovered from some chance remark that she did not remember that Oceania, four years ago, had been at war with Eastasia and at peace with Eurasia.",2
1984_046,1984,"But one can imagine little knots of resistance springing up here and there — small groups of people banding themselves together, and gradually growing, and even leaving a few records behind, so that the next generations can carry on where we leave off.’ ‘I’m not interested in the next generation, dear. I’m interested in US.’ ‘You’re only a rebel from the waist downwards,’ he told her. She thought this brilliantly witty and flung her arms round him in delight. In the ramifications of party doctrine she had not the faintest interest. Whenever he began to talk of the principles of Ingsoc, doublethink, the mutability of the past, and the denial of objective reality, and to use Newspeak words, she became bored and confused and said that she never paid any attention to that kind of thing.",2
1984_047,1984,"The refugee woman in the boat had also covered the little boy with her arm, which was no more use against the bullets than a sheet of paper. The terrible thing that the Party had done was to persuade you that mere impulses, mere feelings, were of no account, while at the same time robbing you of all power over the material world. When once you were in the grip of the Party, what you felt or did not feel, what you did or refrained from doing, made literally no difference. Whatever happened you vanished, and neither you nor your actions were ever heard of again. You were lifted clean out of the stream of history. And yet to the people of only two generations ago this would not have seemed all-important, because they were not attempting to alter history.",2
1984_048,1984,"What you do, I’m going to do. I’m rather good at staying alive.’ ‘We may be together for another six months — a year — there’s no knowing. At the end we’re certain to be apart. Do you realize how utterly alone we shall be? When once they get hold of us there will be nothing, literally nothing, that either of us can do for the other. If I confess, they’ll shoot you, and if I refuse to confess, they’ll shoot you just the same. Nothing that I can do or say, or stop myself from saying, will put off your death for as much as five minutes. Neither of us will even know whether the other is alive or dead. We shall be utterly without power of any kind.",2
1984_049,1984,"On the sixth day of Hate Week, after the processions, the speeches, the shouting, the singing, the banners, the posters, the films, the waxworks, the rolling of drums and squealing of trumpets, the tramp of marching feet, the grinding of the caterpillars of tanks, the roar of massed planes, the booming of guns — after six days of this, when the great orgasm was quivering to its climax and the general hatred of Eurasia had boiled up into such delirium that if the crowd could have got their hands on the 2,000 Eurasian war-criminals who were to be publicly hanged on the last day of the proceedings, they would unquestionably have torn them to pieces — at just this moment it had been announced that Oceania was not after all at war with Eurasia. Oceania was at war with Eastasia.",2
